path,title,count,uniques,repository
/cristianpb/analytics-google,GitHub - cristianpb/analytics-google: Google analytics from cristianpb.github...,8,6,analytics-google
/cristianpb/analytics-google/commits,Commits · cristianpb/analytics-google · GitHub,8,2,analytics-google
/cristianpb/analytics-google/tree/master/src,analytics-google/src at master · cristianpb/analytics-google,2,1,analytics-google
/cristianpb/analytics-google/tree/master/src/lib,analytics-google/src/lib at master · cristianpb/analytics-google,2,1,analytics-google
/cristianpb/analytics-google/pull/18/files,Bump postcss from 8.4.27 to 8.4.31 by dependabot · Pull Request #18 · cristia...,1,1,analytics-google
/cristianpb/dotfiles/tree/master/ranger/.config/ranger,dotfiles/ranger/.config/ranger at master · cristianpb/dotfiles,17,2,dotfiles
/cristianpb/dotfiles/blob/master/ranger/.config/ranger/rifle.conf,dotfiles/ranger/.config/ranger/rifle.conf at master · cristianpb/dotfiles,7,2,dotfiles
/cristianpb/dotfiles/blob/master/ranger/.config/ranger/rc.conf,dotfiles/ranger/.config/ranger/rc.conf at master · cristianpb/dotfiles,7,1,dotfiles
/cristianpb/dotfiles/blob/master/vim/.vimrc,dotfiles/vim/.vimrc at master · cristianpb/dotfiles · GitHub,6,1,dotfiles
/cristianpb/dotfiles/blob/master/ranger/.config/ranger/scope.sh,dotfiles/ranger/.config/ranger/scope.sh at master · cristianpb/dotfiles,4,1,dotfiles
/cristianpb/dotfiles/tree/master,dotfiles/ at master · cristianpb/dotfiles,4,1,dotfiles
/cristianpb/dotfiles,GitHub - cristianpb/dotfiles: My dotfiles,3,2,dotfiles
/cristianpb/dotfiles/blob/master/ranger/.config/ranger/commands.py,dotfiles/ranger/.config/ranger/commands.py at master · cristianpb/dotfiles,3,1,dotfiles
/cristianpb/dotfiles/tree/master/mbsync,dotfiles/mbsync at master · cristianpb/dotfiles,3,1,dotfiles
/cristianpb/dotfiles/tree/master/polybar/.config/polybar,dotfiles/polybar/.config/polybar at master · cristianpb/dotfiles,3,1,dotfiles
/cristianpb/muse,GitHub - cristianpb/muse: Mopidy web client with Snapcast support,8,6,muse
/cristianpb/muse/issues,Issues · cristianpb/muse · GitHub,4,2,muse
/cristianpb/muse/blob/master/docker-compose.yml,muse/docker-compose.yml at master · cristianpb/muse,2,1,muse
/cristianpb/muse/blob/master/Dockerfile,muse/Dockerfile at master · cristianpb/muse,2,1,muse
/cristianpb/muse/tree/master/src,muse/src at master · cristianpb/muse · GitHub,2,1,muse
/cristianpb/muse/pulls,Pull requests · cristianpb/muse · GitHub,1,1,muse
/cristianpb/object-detection/blob/master/backend/ssd_detection.py,object-detection/backend/ssd_detection.py at master · cristianpb/object-detec...,11,5,object-detection
/cristianpb/object-detection/tree/master/models,object-detection/models at master · cristianpb/object-detection · GitHub,6,2,object-detection
/cristianpb/object-detection,"GitHub - cristianpb/object-detection: Object detection on Jetson Nano, Raspbe...",5,5,object-detection
/cristianpb/object-detection/tree/master/models/ssd_mobilenet,object-detection/models/ssd_mobilenet at master · cristianpb/object-detection...,5,2,object-detection
/cristianpb/object-detection/blob/master/backend/yolo_detection.py,object-detection/backend/yolo_detection.py at master · cristianpb/object-dete...,4,2,object-detection
/cristianpb/object-detection/blob/master/models/ssd_mobilenet/labels.json,object-detection/models/ssd_mobilenet/labels.json at master · cristianpb/obje...,2,1,object-detection
/cristianpb/object-detection/tree/master,"cristianpb/object-detection: Object detection on Jetson Nano, Raspberry Pi an...",1,1,object-detection
/cristianpb/object-detection-frontend,GitHub - cristianpb/object-detection-frontend: Frontend Angular application f...,2,1,object-detection-frontend
/cristianpb/object-detection-frontend/tree/master/src,object-detection-frontend/src at master · cristianpb/object-detection-fronten...,2,1,object-detection-frontend
/cristianpb/rhasspy-handler/issues/4,"""node index.js"" breaks with 'Error: Cannot find module 'onoff'' · Issue #4 · ...",3,3,rhasspy-handler
/cristianpb/telegraf-influxdb-grafana-docker/tree/master/docker,telegraf-influxdb-grafana-docker/docker at master · cristianpb/telegraf-influ...,15,3,telegraf-influxdb-grafana-docker
/cristianpb/telegraf-influxdb-grafana-docker/blob/master/docker-compose.yml,telegraf-influxdb-grafana-docker/docker-compose.yml at master · cristianpb/te...,14,4,telegraf-influxdb-grafana-docker
/cristianpb/telegraf-influxdb-grafana-docker,"GitHub - cristianpb/telegraf-influxdb-grafana-docker: telegraf, influxdb and ...",9,6,telegraf-influxdb-grafana-docker
/cristianpb/telegraf-influxdb-grafana-docker/tree/master/docker/telegraf,telegraf-influxdb-grafana-docker/docker/telegraf at master · cristianpb/teleg...,6,3,telegraf-influxdb-grafana-docker
/cristianpb/telegraf-influxdb-grafana-docker/tree/master/docker/grafana,telegraf-influxdb-grafana-docker/docker/grafana at master · cristianpb/telegr...,6,2,telegraf-influxdb-grafana-docker
/cristianpb/telegraf-influxdb-grafana-docker/blob/master/docker/grafana/dashboard.yaml,telegraf-influxdb-grafana-docker/docker/grafana/dashboard.yaml at master · cr...,6,1,telegraf-influxdb-grafana-docker
/cristianpb/telegraf-influxdb-grafana-docker/blob/master/.env_dist,telegraf-influxdb-grafana-docker/.env_dist at master · cristianpb/telegraf-in...,5,2,telegraf-influxdb-grafana-docker
/cristianpb/telegraf-influxdb-grafana-docker/blob/master/docker/telegraf/telegraf.conf,telegraf-influxdb-grafana-docker/docker/telegraf/telegraf.conf at master · cr...,4,2,telegraf-influxdb-grafana-docker
/cristianpb/telegraf-influxdb-grafana-docker/blob/master/docker/grafana/DashboardTelegraf.json,telegraf-influxdb-grafana-docker/docker/grafana/DashboardTelegraf.json at mas...,4,1,telegraf-influxdb-grafana-docker
/cristianpb/telegraf-influxdb-grafana-docker/blob/master/docker/grafana/datasource.yaml,telegraf-influxdb-grafana-docker/docker/grafana/datasource.yaml at master · c...,4,1,telegraf-influxdb-grafana-docker
/cristianpb/temp-sigfox,cristianpb/temp-sigfox: Micropython code to send data from the ESP8266 using ...,1,1,temp-sigfox
/cristianpb/vimwiki,GitHub - cristianpb/vimwiki: My vimwiki,1,1,vimwiki
