referrer,count,uniques,repository
github.com,2,1,analytics-google
Google,1,1,analytics-google
cristianpb.github.io,16,3,dotfiles
Google,4,1,dotfiles
github.com,1,1,dotfiles
github.com,3,1,mopidy.js
mopidy.com,7,4,muse
Google,6,4,muse
cristianpb.github.io,1,1,muse
cristianpb.github.io,11,7,object-detection
github.com,9,4,object-detection
hackster.io,6,4,object-detection
programcreek.com,1,1,object-detection
Google,5,1,object-detection-frontend
hackster.io,1,1,object-detection-frontend
Google,15,9,rhasspy-handler
Google,43,13,telegraf-influxdb-grafana-docker
cristianpb.github.io,14,1,vimwiki
